[
   {
      "Name": "Bagerhat"
   },
   {
      "Name": "Bandarban"
   },
   {
      "Name": "Barguna"
   },
   {
      "Name": "Barishal"
   },
   {
      "Name": "Bhola"
   },
   {
      "Name": "Bogura"
   },
   {
      "Name": "Brahmanbaria"
   },
   {
      "Name": "Chandpur"
   },
   {
      "Name": "Chapai Nawabganj"
   },
   {
      "Name": "Chattogram"
   },
   {
      "Name": "Chuadanga"
   },
   {
      "Name": "Cumilla"
   },
   {
      "Name": "Cox's Bazar"
   },
   {
      "Name": "Dhaka"
   },
   {
      "Name": "Dinajpur"
   },
   {
      "Name": "Faridpur"
   },
   {
      "Name": "Feni"
   },
   {
      "Name": "Gaibandha"
   },
   {
      "Name": "Gazipur"
   },
   {
      "Name": "Gopalgonj"
   },
   {
      "Name": "Habiganj"
   },
   {
      "Name": "Joypurhat"
   },
   {
      "Name": "Jamalpur"
   },
   {
      "Name": "Jashore"
   },
   {
      "Name": "Jhalokathi"
   },
   {
      "Name": "Jhinaidah"
   },
   {
      "Name": "Khagrachhari"
   },
   {
      "Name": "Khulna"
   },
   {
      "Name": "Kishoreganj"
   },
   {
      "Name": "Kurigram"
   },
   {
      "Name": "Kustia"
   },
   {
      "Name": "Lakshmipur"
   },
   {
      "Name": "Lalmonirhat"
   },
   {
      "Name": "Madaripur"
   },
   {
      "Name": "Magura"
   },
   {
      "Name": "Manikgong"
   },
   {
      "Name": "Meherpur"
   },
   {
      "Name": "Moulavibazar"
   },
   {
      "Name": "Munshigonj"
   },
   {
      "Name": "Mymensingh"
   },
   {
      "Name": "Naogaon"
   },
   {
      "Name": "Narail"
   },
   {
      "Name": "Narayangonj"
   },
   {
      "Name": "Narsingdi"
   },
   {
      "Name": "Natore"
   },
   {
      "Name": "Netrokona"
   },
   {
      "Name": "Nilphamari"
   },
   {
      "Name": "Noakhali"
   },
   {
      "Name": "Pabna"
   },
   {
      "Name": "Panchagarh"
   },
   {
      "Name": "Patuakhali"
   },
   {
      "Name": "Pirojpur"
   },
   {
      "Name": "Rajbari"
   },
   {
      "Name": "Rajshahi"
   },
   {
      "Name": "Rangamati"
   },
   {
      "Name": "Rangpur"
   },
   {
      "Name": "Satkhira"
   },
   {
      "Name": "Shariatpur"
   },
   {
      "Name": "Sherpur"
   },
   {
      "Name": "Sirajgonj"
   },
   {
      "Name": "Sunamgonj"
   },
   {
      "Name": "Sylhet"
   },
   {
      "Name": "Tangail"
   },
   {
      "Name": "Thakurgaon"
   }
]

